record_id;date;incident_type;Location;zip
1;24.06.2024;FD SICK/INJURED PERSON;1245 DAUER DR;33133
2;24.06.2024;INCIDENT REPORT;5555 PONCE DE LEON BLVD;33143
3;24.06.2024;SUSPICIOUS INCIDENT;1400 SALZEDO ST;33133
4;23.06.2024;DISTURBANCE OTHER;2916 PONCE DE LEON BLVD;33146
5;23.06.2024;VEHICLE HIT & RUN;1710 HERNANDO ST;33114
6;23.06.2024;VEHICLE / VESSEL STOLEN RECOVERY;4600 BROADER ST;33143
7;23.06.2024;PROPERTY DAMAGED;910 COUNTRY CLUB PRADO;33156
8;23.06.2024;DISTURBANCE OTHER;4350 PALMARITO ST;33144
9;23.06.2024;PROPERTY FOUND / IMPOUNDED;1600 BIRD RD;33143
10;23.06.2024;ANIMAL COMPLAINT;5300 SW EIGHTH ST;33234
11;23.06.2024;DISTURBANCE OTHER;430 ALHAMBRA CIR;33114
12;22.06.2024;SIMPLE HARASSMENT;50 MINORCA AV;33146
13;22.06.2024;TRESPASS WARNING;6531 SANTONA ST;33158
14;22.06.2024;FD SICK/INJURED PERSON;51 MERRICK WAY;33124
15;22.06.2024;WARRANT ARREST;2551 LEJEUNE RD;33206
16;22.06.2024;DISTURBANCE OTHER;1270 BIRD RD;33114
17;21.06.2024;SUSPICIOUS INCIDENT;5500 GRANADA BLVD;33158
18;21.06.2024;PROPERTY LOST;300 MIRACLE MILE;33124
19;21.06.2024;VEHICLE PARKING OFFENSE / SCOFF LAW;100 MENORES AV;33114
20;21.06.2024;PROPERTY FOUND / IMPOUNDED;2950 COCONUT GROVE DR;33134
21;21.06.2024;THEFT BY PICKPOCKET;2551 PONCE DE LEON BLVD;33206
22;21.06.2024;FRAUD COMPUTER HACKING;954 S DIXIE HWY;33134
23;21.06.2024;ORDINANCE VIOLATION;4200 GRANADA BLVD;33133
24;21.06.2024;THEFT FROM STRUCTURE WITH LEGAL ACCESS / PUBLIC BUILDING;290 ALHAMBRA CIR;33133
25;20.06.2024;PROPERTY DAMAGED;2001 GRANADA BLVD;33234
26;20.06.2024;VEHICLE PARKING OFFENSE / SCOFF LAW;300 ALHAMBRA CIR;33143
27;20.06.2024;THEFT OF AUTOMOBILE;1001 PONCE DE LEON BLVD;33114
28;20.06.2024;FD SICK/INJURED PERSON;1280 STANFORD DR;33234
29;20.06.2024;VEHICLE TRAFFIC OFFENSE (NON-DUI);300 BIRD RD;33146
30;20.06.2024;PROPERTY FOUND / IMPOUNDED;2151 SALZEDO ST;33146
31;19.06.2024;INCIDENT REPORT;2151 SALZEDO ST;33158
32;19.06.2024;VEHICLE TRAFFIC OFFENSE (NON-DUI);400 S DIXIE HWY;33143
33;19.06.2024;INCIDENT REPORT;2800 GALIANO ST;33234
34;18.06.2024;SIMPLE ASSAULT / THREATS;290 ALHAMBRA CIR;33145
35;18.06.2024;SIMPLE ASSAULT / THREATS;102 MENORES AV;33124
36;18.06.2024;SIMPLE ASSAULT / THREATS;920 SEVILLA AV;33114
37;18.06.2024;WARRANT ARREST;200 SEVILLA AV;33206
38;18.06.2024;THEFT BY SHOPLIFTING;1250 S ALHAMBRA CIR;33144
39;18.06.2024;INCIDENT REPORT;1250 S ALHAMBRA CIR;33144
40;18.06.2024;TRESPASS WARNING;6611 YUMURI ST;33143
41;17.06.2024;VEHICLE TRAFFIC OFFENSE (NON-DUI);300 S DIXIE HWY;33144
42;17.06.2024;VEHICLE TRAFFIC OFFENSE (NON-DUI);1200 BIRD RD;33144
43;17.06.2024;INCIDENT REPORT;6300 MAYNADA ST;33234
44;17.06.2024;TRESPASS WARNING;1125 S DIXIE HWY;33143
45;17.06.2024;BURGLARY RESIDENTIAL;4297 ALHAMBRA CIR;33146
46;17.06.2024;DISTURBANCE OTHER;4111 PONCE DE LEON BLVD;33156
47;17.06.2024;SUSPICIOUS INCIDENT;700 BILTMORE WAY;33156
48;17.06.2024;ASSIST FIRE AGENCY;200 BILTMORE WAY;33234
49;17.06.2024;PROPERTY DAMAGED;6030 BIRD RD;33158
50;16.06.2024;FRAUD OTHER;1300 PONCE DE LEON BLVD;33124
51;16.06.2024;ANIMAL BITE / ATTACK;1206 CORDOVA ST;33114
52;16.06.2024;VANDALISM TO PROPERTY;249 ANDALUSIA AV;33133
53;16.06.2024;THEFT BY SHOPLIFTING;1906 PONCE DE LEON BLVD;33158
54;16.06.2024;BURGLARY RESIDENTIAL;126 SIDONIA AV;33158
55;16.06.2024;VEHICLE PARKING OFFENSE / SCOFF LAW;175 MAJORCA AV;33133
56;16.06.2024;VEHICLE TRAFFIC OFFENSE (NON-DUI);2000 GALIANO ST;33156
57;16.06.2024;VEHICLE PARKING OFFENSE / SCOFF LAW;1100 GALIANO ST;33114
58;16.06.2024;PROPERTY DAMAGED;249 ANDALUSIA AV;33144
59;16.06.2024;TRESPASS WARNING;2551 LEJEUNE RD;33234
60;15.06.2024;THEFT BY SHOPLIFTING;1906 PONCE DE LEON BLVD;33145
61;14.06.2024;DRUG POSSESSION CONTROLLED SUBSTANCE;4900 ALHAMBRA ST;33143
62;14.06.2024;VEHICLE PARKING OFFENSE / SCOFF LAW;1100 GALIANO ST;33156
63;14.06.2024;PROPERTY FOUND / IMPOUNDED;8501 ARVIDA PKWY;33146
64;14.06.2024;SUSPICIOUS INCIDENT;SALZEDO ST;33134
65;14.06.2024;WARRANT ARREST;3000 PONCE DE LEON BLVD;33124
66;14.06.2024;WARRANT ARREST;900 SIDONIA AV;33133
67;13.06.2024;DRUG POSSESSION CONTROLLED SUBSTANCE;6900 ALTAMIRA ST;33134
68;12.06.2024;DISTURBANCE OTHER;301 GIRALDA AV;33158
69;12.06.2024;SUSPICIOUS INCIDENT;329 ALESIO AV;33143
70;12.06.2024;FRAUD COMPUTER / WIRE TRANSFER;814 SANTANDER AV;33158
71;12.06.2024;FRAUD OTHER JURISDICTION;604 SAN ESTEBAN AV;33145
72;11.06.2024;THEFT OTHER;201 MIRACLE MILE;33146
73;11.06.2024;THEFT OF AUTO TAG / REGISTRATION DECAL;801 MADRID ST;33206
74;11.06.2024;THEFT BY SHOPLIFTING;1949 PONCE DE LEON BLVD;33156
75;11.06.2024;PROPERTY DAMAGED;5100 BRUNSON DR;33134
76;11.06.2024;SUSPICIOUS INCIDENT;1410 CORTEZ ST;33134
77;11.06.2024;FRAUD BY IDENTITY THEFT;850 LEJUNE RD;33156
78;11.06.2024;SUSPICIOUS INCIDENT;119 ALCAZAR AV;33114
79;11.06.2024;THEFT OTHER;1311 MILLER DR;33134
80;10.06.2024;SUSPICIOUS INCIDENT;4206 MONSERRATE ST;33145
81;10.06.2024;VEHICLE PARKING OFFENSE / SCOFF LAW;1100 GALIANO ST;33146
82;10.06.2024;DISTURBANCE OTHER;4825 GRANADA BLVD;33144
83;10.06.2024;INCIDENT REPORT;1200 S ALHAMBRA CIR;33156
84;10.06.2024;THEFT OF BICYCLE;333 UNIVERSITY DR;33143
85;10.06.2024;WARRANT ARREST;700 S DIXIE HWY;33144
86;10.06.2024;BURGLARY NON-RESIDENTIAL;1280 STANFORD DR;33134
87;10.06.2024;THEFT OTHER;1330 MILLER DR;33156
88;09.06.2024;FRAUD OTHER JURISDICTION;300 RIDGEWOOD RD;33146
89;09.06.2024;FRAUD ELECTRONIC / COMPUTER / WIRE;1724 CAPRI ST;33114
90;09.06.2024;BURGLARY AND THEFT FROM CURTILAGE;2400 SANTA MARIA ST;33146
91;09.06.2024;PROPERTY FOUND / IMPOUNDED;4105 GRANADA BLVD;33134
92;09.06.2024;INCIDENT REPORT;997 N GREENWAY DR;33158
93;09.06.2024;THEFT OF VEHICLE / STOLEN RECOVERY;4000 BROADER ST;33144
94;09.06.2024;THEFT OF AUTO PART / ACCESSORY;280 CATALONIA AV;33158
95;09.06.2024;WARRANT ARREST;300 BIRD RD;33143
96;08.06.2024;VEHICLE PARKING OFFENSE / SCOFF LAW;44 ALCANTARIA AV;33234
97;08.06.2024;VEHICLE PARKING OFFENSE / SCOFF LAW;29 SANTILLANE AV;33133
98;08.06.2024;VEHICLE PARKING OFFENSE / SCOFF LAW;40 ALMERIA AV;33146
99;08.06.2024;POSSESSION OF CONTROLLED SUBSTANCE;6000 MAYNADA ST;33144
100;08.06.2024;VEHICLE HIT & RUN;3443 SEGOVIA ST;33145
101;08.06.2024;THEFT BY SHOPLIFTING;1401 MONZA AV;33133
102;07.06.2024;VEHICLE PARKING OFFENSE / SCOFF LAW;2701 DE SOTO BLVD;33145
103;07.06.2024;THEFT OF AUTO TAG / REGISTRATION DECAL;4861 CAMPO SANO CT;33206
104;07.06.2024;SIMPLE ASSAULT / THREATS;399 BIRD RD/LEJUNE RD;33143
105;07.06.2024;VEHICLE TRAFFIC OFFENSE (NON-DUI);1200 BIRD RD;33146
106;07.06.2024;PROPERTY LOST;1308 STANFORD DR;33145
107;07.06.2024;VEHICLE TRAFFIC OFFENSE (NON-DUI);200 S DIXIE HWY;33144
108;07.06.2024;THEFT FROM STRUCTURE WITH LEGAL ACCESS / PUBLIC BUILDING;1551 BRESCIA AV;33144
109;07.06.2024;VEHICLE TRAFFIC OFFENSE (NON-DUI);1200 BIRD RD;33234
110;06.06.2024;PROPERTY LOST;812 CATALINA PL;33234
111;06.06.2024;INCIDENT REPORT;155 SOLANO PRADO;33158
112;05.06.2024;VEHICLE TRAFFIC OFFENSE (NON-DUI);300 S DIXIE HWY;33144
113;05.06.2024;ASSIST OTHER AGENCY;90 EDGEWATER DR;33134
114;04.06.2024;OBSTRUCTION OF JUSTICE / RESIST ARREST / ESCAPE;4601 ALHAMBRA CIR;33206
115;04.06.2024;THEFT FROM MOTOR VEHICLE;1300 GALIANO ST;33146
116;04.06.2024;THEFT OF AUTO TAG / REGISTRATION DECAL;2551 LE JEUNE RD;33134
117;04.06.2024;FD SICK/INJURED PERSON;1280 STANFORD DR;33234
118;04.06.2024;VEHICLE TRAFFIC OFFENSE (NON-DUI);2417 PONCE DE LEON BLVD;33206
119;03.06.2024;THEFT BY SHOPLIFTING;152 MIRACLE MILE;33143
120;03.06.2024;THEFT BY SHOPLIFTING;1000 PONCE DE LEON BLVD;33156
121;03.06.2024;ASSIST INJUNCTION / COURT SERVICE;800 CAPRI ST;33206
122;03.06.2024;TRESPASS WARNING;6611 YUMURI ST;33144
123;03.06.2024;PROPERTY DAMAGED;1245 DAUER DR;33144
124;03.06.2024;THEFT BY SHOPLIFTING;375 S DIXIE HWY;33144
125;02.06.2024;THEFT FROM MOTOR VEHICLE;440 BLUE RD;33114
126;02.06.2024;PROPERTY FOUND / IMPOUNDED;1280 STANFORD DR;33146
127;02.06.2024;SUSPICIOUS INCIDENT;500 CADAGUA AV;33146
128;02.06.2024;VEHICLE HIT & RUN;700 BENEVENTO AV;33145
129;02.06.2024;BURGLARY NON-RESIDENTIAL;2601 SALZEDO ST;33234
130;02.06.2024;FRAUD OTHER;1455 BIRD RD;33145
131;02.06.2024;THEFT BY SHOPLIFTING;1401 MONZA AV;33143
132;02.06.2024;THEFT FROM MOTOR VEHICLE;5015 ORDUNA DR;33124
133;02.06.2024;THEFT OTHER;5821 SAN AMARO DR;33156
134;01.06.2024;SUSPICIOUS INCIDENT;50 MINORCA AV;33124
135;01.06.2024;WARRANT ARREST;3115 PONCE DE LEON BLVD;33158
136;01.06.2024;DISTURBANCE OTHER;169 MIRACLE MILE;33144
137;31.05.2024;SUSPICIOUS INCIDENT;613 TANGIER ST;33124
138;31.05.2024;THEFT FROM STRUCTURE WITH LEGAL ACCESS / PUBLIC BUILDING;4835 UNIVERSITY DR;33133
139;31.05.2024;PROPERTY LOST;915 COUNTRY CLUB PRADO;33145
140;31.05.2024;SIMPLE ASSAULT / THREATS;1150 ANASTASIA AV;33124
141;31.05.2024;HAZARDOUS SITUATION / CONTAINMENT;1330 STANMOR DR;33206
142;30.05.2024;FD SICK/INJURED PERSON;1245 DAUER;33158
143;29.05.2024;INCIDENT REPORT;1418 PONCE DE LEON BLVD;33124
144;29.05.2024;TRESPASS WARNING;358 SAN LORENZO AV;33145
145;29.05.2024;VEHICLE TRAFFIC OFFENSE (NON-DUI);3300 RIVIERA DR;33206
146;28.05.2024;DISTURBANCE OTHER;1536 ALEGRIANO AV;33133
147;28.05.2024;VEHICLE PARKING OFFENSE / SCOFF LAW;3600 PONCE DE LEON BLVD;33145
148;28.05.2024;SIMPLE HARASSMENT;150 ALHAMBRA CIR;33134
149;28.05.2024;FRAUD OTHER JURISDICTION;357 ALMERIA AV;33124
150;27.05.2024;ACCIDENT NO INJURY;1906 PONCE DE LEON BLVD;33234
151;27.05.2024;PROPERTY LOST;1 MARIOLA CT;33145
152;27.05.2024;DISORDERLY CONDUCT;5885 PONCE DE LEON BLVD;33134
153;27.05.2024;SUSPICIOUS INCIDENT;111 ROMANO AV;33114
154;27.05.2024;FRAUD OTHER JURISDICTION;6845 VERONESE ST;33234
155;27.05.2024;PROPERTY FOUND / IMPOUNDED;2131 SALZEDO ST;33143
156;27.05.2024;DISTURBANCE OTHER;909 S DIXIE HWY;33114
157;27.05.2024;VEHICLE DRIVING / BOATING UNDER THE INFLUENCE;3475 S LEJEUNE RD;33206
158;26.05.2024;PROPERTY LOST;301 GIRALDA AV;33145
159;25.05.2024;VEHICLE TRAFFIC OFFENSE (NON-DUI);1200 S DIXIE HWY;33134
160;25.05.2024;INCIDENT REPORT;804 DOUGLAS RD;33114
161;25.05.2024;BURGLARY NON-RESIDENTIAL;5638 GEORGE E MERRICK ST;33158
162;25.05.2024;PROPERTY LOST;801 GRANTANNA ST;33145
163;25.05.2024;SUSPICIOUS INCIDENT;103 ROMANO AV;33133
164;25.05.2024;VEHICLE PARKING OFFENSE / SCOFF LAW;100 MERRICK WAY;33134
165;25.05.2024;THEFT OTHER;1118 S DIXIE HWY;33145
166;24.05.2024;FRAUD OTHER JURISDICTION;1125 CASTILE AV;33146
167;24.05.2024;PROPERTY DAMAGED;1200 N GREENWAY DR;33124
168;23.05.2024;FRAUD OTHER JURISDICTION;1125 CASTILE AV;33143
169;23.05.2024;THEFT OTHER;1118 S DIXIE HWY;33124
170;23.05.2024;VEHICLE PARKING OFFENSE / SCOFF LAW;100 MERRICK WAY;33134
171;22.05.2024;SUSPICIOUS INCIDENT;103 ROMANO AV;33234
172;21.05.2024;DISTURBANCE DOMESTIC;353 ARAGON AV;33234
173;21.05.2024;VEHICLE TRAFFIC OFFENSE (NON-DUI);1200 BIRD RD;33133
174;20.05.2024;INCIDENT REPORT;804 DOUGLAS RD;33124
175;19.05.2024;VEHICLE DRIVING / BOATING UNDER THE INFLUENCE;3475 S LEJEUNE RD;33144
176;19.05.2024;DISTURBANCE OTHER;909 S DIXIE HWY;33144
177;19.05.2024;PROPERTY FOUND / IMPOUNDED;2131 SALZEDO ST;33144
178;18.05.2024;FRAUD OTHER JURISDICTION;6845 VERONESE ST;33134
179;17.05.2024;PROPERTY LOST;1 MARIOLA CT;33156
180;17.05.2024;ACCIDENT NO INJURY;1906 PONCE DE LEON BLVD;33145
181;16.05.2024;SIMPLE HARASSMENT;150 ALHAMBRA CIR;33206
182;15.05.2024;SUSPICIOUS INCIDENT;5100 SW 68TH ST;33133
183;15.05.2024;INCIDENT REPORT;5716 SAN VICENTE ST;33234
184;14.05.2024;PROPERTY LOST;4310 PONCE DE LEON BLVD;33234
185;14.05.2024;TRESPASS WARNING;3443 SEGOVIA ST;33146
186;14.05.2024;WARRANT ARREST;2131 SALZEDO ST;33206
187;13.05.2024;VEHICLE TRAFFIC OFFENSE (NON-DUI);3300 RIVIERA DR;33158
188;12.05.2024;FD SICK/INJURED PERSON;1245 DAUER DR;33124
189;11.05.2024;PROPERTY LOST;915 COUNTRY CLUB PRADO;33133
190;11.05.2024;VEHICLE TRAFFIC OFFENSE (NON-DUI);400 BILTMORE WAY;33234
191;11.05.2024;COURT VIOLATION;2100 ALHAMBRA CIR;33124
192;10.05.2024;THEFT FROM STRUCTURE WITH LEGAL ACCESS / PUBLIC BUILDING;4835 UNIVERSITY DR;33206
193;10.05.2024;SUSPICIOUS INCIDENT;613 TANGIER ST;33156
194;09.05.2024;WARRANT ARREST;3115 PONCE DE LEON BLVD;33145
195;08.05.2024;THEFT FROM MOTOR VEHICLE;5015 ORDUNA DR;33145
196;08.05.2024;THEFT BY SHOPLIFTING;1401 MONZA AV;33133
197;07.05.2024;BURGLARY NON-RESIDENTIAL;2601 SALZEDO ST;33124
198;07.05.2024;VEHICLE HIT & RUN;700 BENEVENTO AV;33114
199;07.05.2024;SUSPICIOUS INCIDENT;500 CADAGUA AV;33146
200;06.05.2024;PROPERTY FOUND / IMPOUNDED;1280 STANFORD DR;33206
201;05.05.2024;PROPERTY DAMAGED;1245 DAUER DR;33206
202;05.05.2024;TRESPASS WARNING;6611 YUMURI ST;33156
203;04.05.2024;THEFT BY SHOPLIFTING;1000 PONCE DE LEON BLVD;33134
204;03.05.2024;FD SICK/INJURED PERSON;1280 STANFORD DR;33156
205;03.05.2024;THEFT OF AUTO TAG / REGISTRATION DECAL;2551 LE JEUNE RD;33145
206;03.05.2024;THEFT FROM MOTOR VEHICLE;1300 GALIANO ST;33145
207;02.05.2024;OBSTRUCTION OF JUSTICE / RESIST ARREST / ESCAPE;4601 ALHAMBRA CIR;33144
208;01.05.2024;INCIDENT REPORT;155 SOLANO PRADO;33124
209;30.04.2024;THEFT FROM STRUCTURE WITH LEGAL ACCESS / PUBLIC BUILDING;1551 BRESCIA AV;33144
210;30.04.2024;THEFT OTHER;1241 DICKINSON DR;33234
211;29.04.2024;VEHICLE TRAFFIC OFFENSE (NON-DUI);1200 BIRD RD;33144
212;29.04.2024;TRESPASS WARNING;100 PONCE DE LEON BLVD;33146
213;29.04.2024;VEHICLE TRAFFIC OFFENSE (NON-DUI);200 S DIXIE HWY;33146
214;28.04.2024;PROPERTY LOST;1308 STANFORD DR;33146
215;27.04.2024;VEHICLE TRAFFIC OFFENSE (NON-DUI);1200 BIRD RD;33234
216;27.04.2024;SIMPLE ASSAULT / THREATS;399 BIRD RD/LEJUNE RD;33146
217;26.04.2024;VEHICLE PARKING OFFENSE / SCOFF LAW;2701 DE SOTO BLVD;33133
218;25.04.2024;POSSESSION OF CONTROLLED SUBSTANCE;6000 MAYNADA ST;33134
219;25.04.2024;VEHICLE PARKING OFFENSE / SCOFF LAW;40 ALMERIA AV;33144
220;24.04.2024;VEHICLE PARKING OFFENSE / SCOFF LAW;44 ALCANTARIA AV;33145
221;23.04.2024;THEFT OF VEHICLE / STOLEN RECOVERY;4000 BROADER ST;33158
222;23.04.2024;INCIDENT REPORT;997 N GREENWAY DR;33156
223;22.04.2024;BURGLARY AND THEFT FROM CURTILAGE;2400 SANTA MARIA ST;33146
224;22.04.2024;FRAUD ELECTRONIC / COMPUTER / WIRE;1724 CAPRI ST;33156
225;21.04.2024;THEFT OTHER;1330 MILLER DR;33143
226;20.04.2024;THEFT OF BICYCLE;333 UNIVERSITY DR;33158
227;20.04.2024;INCIDENT REPORT;1200 S ALHAMBRA CIR;33206
228;19.04.2024;VEHICLE PARKING OFFENSE / SCOFF LAW;1100 GALIANO ST;33234
229;18.04.2024;FRAUD BY IDENTITY THEFT;850 LEJUNE RD;33234
230;17.04.2024;FRAUD COMPUTER / WIRE TRANSFER;814 SANTANDER AV;33146
231;17.04.2024;SUSPICIOUS INCIDENT;329 ALESIO AV;33234
232;16.04.2024;DRUG POSSESSION CONTROLLED SUBSTANCE;6900 ALTAMIRA ST;33143
233;16.04.2024;DISTURBANCE OTHER;301 GIRALDA AV;33146
234;16.04.2024;SUSPICIOUS INCIDENT;329 ALESIO AV;33144
235;15.04.2024;FRAUD COMPUTER / WIRE TRANSFER;814 SANTANDER AV;33145
236;14.04.2024;FRAUD OTHER JURISDICTION;604 SAN ESTEBAN AV;33133
237;13.04.2024;THEFT OTHER;201 MIRACLE MILE;33156
238;13.04.2024;THEFT OF AUTO TAG / REGISTRATION DECAL;801 MADRID ST;33234
239;12.04.2024;THEFT BY SHOPLIFTING;1949 PONCE DE LEON BLVD;33143
240;12.04.2024;PROPERTY DAMAGED;5100 BRUNSON DR;33234
241;11.04.2024;SUSPICIOUS INCIDENT;1410 CORTEZ ST;33134
242;10.04.2024;FRAUD BY IDENTITY THEFT;850 LEJUNE RD;33134
243;10.04.2024;SUSPICIOUS INCIDENT;119 ALCAZAR AV;33156
244;09.04.2024;THEFT OTHER;1311 MILLER DR;33134
245;09.04.2024;SUSPICIOUS INCIDENT;4206 MONSERRATE ST;33124
246;09.04.2024;VEHICLE PARKING OFFENSE / SCOFF LAW;1100 GALIANO ST;33133
247;08.04.2024;DISTURBANCE OTHER;4825 GRANADA BLVD;33146
248;07.04.2024;INCIDENT REPORT;1200 S ALHAMBRA CIR;33156
249;06.04.2024;THEFT OF BICYCLE;333 UNIVERSITY DR;33145
250;06.04.2024;WARRANT ARREST;700 S DIXIE HWY;33158
251;05.04.2024;BURGLARY NON-RESIDENTIAL;1280 STANFORD DR;33134
252;05.04.2024;THEFT OTHER;1330 MILLER DR;33158
253;04.04.2024;FRAUD OTHER JURISDICTION;300 RIDGEWOOD RD;33144
254;03.04.2024;FRAUD ELECTRONIC / COMPUTER / WIRE;1724 CAPRI ST;33124
255;03.04.2024;BURGLARY AND THEFT FROM CURTILAGE;2400 SANTA MARIA ST;33124
256;02.04.2024;PROPERTY FOUND / IMPOUNDED;4105 GRANADA BLVD;33114
257;01.04.2024;INCIDENT REPORT;997 N GREENWAY DR;33156
258;01.04.2024;THEFT OF VEHICLE / STOLEN RECOVERY;4000 BROADER ST;33146
259;31.03.2024;THEFT OF AUTO PART / ACCESSORY;280 CATALONIA AV;33143
260;30.03.2024;WARRANT ARREST;300 BIRD RD;33114
261;30.03.2024;VEHICLE PARKING OFFENSE / SCOFF LAW;44 ALCANTARIA AV;33158
262;29.03.2024;VEHICLE PARKING OFFENSE / SCOFF LAW;29 SANTILLANE AV;33114
263;29.03.2024;VEHICLE PARKING OFFENSE / SCOFF LAW;40 ALMERIA AV;33158
264;28.03.2024;POSSESSION OF CONTROLLED SUBSTANCE;6000 MAYNADA ST;33145
265;27.03.2024;VEHICLE HIT & RUN;3443 SEGOVIA ST;33146
266;27.03.2024;THEFT BY SHOPLIFTING;1401 MONZA AV;33114
267;26.03.2024;VEHICLE PARKING OFFENSE / SCOFF LAW;2701 DE SOTO BLVD;33158
268;25.03.2024;THEFT OF AUTO TAG / REGISTRATION DECAL;4861 CAMPO SANO CT;33234
269;24.03.2024;SIMPLE ASSAULT / THREATS;399 BIRD RD/LEJUNE RD;33133
270;24.03.2024;VEHICLE TRAFFIC OFFENSE (NON-DUI);1200 BIRD RD;33134
271;23.03.2024;VEHICLE HIT & RUN;4900 LEJUNE RD;33156
272;22.03.2024;PROPERTY DAMAGED;200 MIRACLE MILE;33156
273;22.03.2024;PROPERTY LOST;1308 STANFORD DR;33134
274;21.03.2024;VEHICLE TRAFFIC OFFENSE (NON-DUI);200 S DIXIE HWY;33146
275;21.03.2024;TRESPASS WARNING;100 PONCE DE LEON BLVD;33156
276;20.03.2024;VEHICLE TRAFFIC OFFENSE (NON-DUI);1200 BIRD RD;33158
277;19.03.2024;INCIDENT REPORT;6701 RED RD;33158
278;19.03.2024;THEFT OTHER;1241 DICKINSON DR;33124
279;18.03.2024;THEFT FROM STRUCTURE WITH LEGAL ACCESS / PUBLIC BUILDING;1551 BRESCIA AV;33145
280;17.03.2024;VEHICLE TRAFFIC OFFENSE (NON-DUI);1200 BIRD RD;33146
281;16.03.2024;PROPERTY LOST;812 CATALONIA PL;33145
282;15.03.2024;INCIDENT REPORT;155 SOLANO PRADO;33134
283;14.03.2024;VEHICLE TRAFFIC OFFENSE (NON-DUI);300 S DIXIE HWY;33144
284;14.03.2024;ASSIST OTHER AGENCY;90 EDGEWATER DR;33143
285;13.03.2024;OBSTRUCTION OF JUSTICE / RESIST ARREST / ESCAPE;4601 ALHAMBRA CIR;33114
286;13.03.2024;THEFT FROM MOTOR VEHICLE;1300 GALIANO ST;33156
287;12.03.2024;THEFT OF AUTO TAG / REGISTRATION DECAL;2551 LE JEUNE RD;33114
288;11.03.2024;FD SICK/INJURED PERSON;1280 STANFORD DR;33114
289;11.03.2024;VEHICLE TRAFFIC OFFENSE (NON-DUI);2417 PONCE DE LEON BLVD;33134
290;10.03.2024;THEFT BY SHOPLIFTING;152 MIRACLE MILE;33144
291;09.03.2024;THEFT BY SHOPLIFTING;1000 PONCE DE LEON BLVD;33206
292;09.03.2024;ASSIST INJUNCTION / COURT SERVICE;800 CAPRI ST;33156
293;08.03.2024;TRESPASS WARNING;6611 YUMURI ST;33145
294;07.03.2024;PROPERTY DAMAGED;1245 DAUER DR;33206
295;07.03.2024;THEFT BY SHOPLIFTING;375 S DIXIE HWY;33158
296;06.03.2024;THEFT FROM MOTOR VEHICLE;440 BLUE RD;33234
297;05.03.2024;PROPERTY FOUND / IMPOUNDED;1280 STANFORD DR;33158
298;05.03.2024;SUSPICIOUS INCIDENT;500 CADAGUA AV;33156
299;04.03.2024;VEHICLE HIT & RUN;700 BENEVENTO AV;33145
300;04.03.2024;BURGLARY NON-RESIDENTIAL;2601 SALZEDO ST;33145
301;03.03.2024;FRAUD OTHER;1455 BIRD RD;33158
302;02.03.2024;THEFT BY SHOPLIFTING;1401 MONZA AV;33144
303;02.03.2024;THEFT FROM MOTOR VEHICLE;5015 ORDUNA DR;33134
304;01.03.2024;THEFT OTHER;5821 SAN AMARO DR;33206
305;01.03.2024;SUSPICIOUS INCIDENT;50 MINORCA AV;33158
306;28.02.2024;WARRANT ARREST;3115 PONCE DE LEON BLVD;33144
307;28.02.2024;SUSPICIOUS INCIDENT;50 MINORCA AV;33134
308;27.02.2024;THEFT OTHER;5821 SAN AMARO DR;33145
309;26.02.2024;THEFT FROM MOTOR VEHICLE;5015 ORDUNA DR;33124
310;26.02.2024;THEFT BY SHOPLIFTING;1401 MONZA AV;33134
311;25.02.2024;FRAUD OTHER;1455 BIRD RD;33134
312;24.02.2024;BURGLARY NON-RESIDENTIAL;2601 SALZEDO ST;33146
313;24.02.2024;VEHICLE HIT & RUN;700 BENEVENTO AV;33146
314;23.02.2024;PROPERTY FOUND / IMPOUNDED;1280 STANFORD DR;33144
315;22.02.2024;THEFT FROM MOTOR VEHICLE;440 BLUE RD;33114
316;22.02.2024;THEFT BY SHOPLIFTING;375 S DIXIE HWY;33114
317;21.02.2024;PROPERTY DAMAGED;1245 DAUER DR;33133
318;20.02.2024;TRESPASS WARNING;6611 YUMURI ST;33143
319;20.02.2024;ASSIST INJUNCTION / COURT SERVICE;800 CAPRI ST;33144
320;20.02.2024;THEFT BY SHOPLIFTING;1000 PONCE DE LEON BLVD;33144
321;19.02.2024;THEFT BY SHOPLIFTING;152 MIRACLE MILE;33144
322;18.02.2024;VEHICLE TRAFFIC OFFENSE (NON-DUI);2417 PONCE DE LEON BLVD;33114
323;17.02.2024;FD SICK/INJURED PERSON;1280 STANFORD DR;33234
324;16.02.2024;THEFT OF AUTO TAG / REGISTRATION DECAL;2551 LE JEUNE RD;33114
325;16.02.2024;THEFT FROM MOTOR VEHICLE;1300 GALIANO ST;33133
326;15.02.2024;OBSTRUCTION OF JUSTICE / RESIST ARREST / ESCAPE;4601 ALHAMBRA CIR;33144
327;14.02.2024;ASSIST OTHER AGENCY;90 EDGEWATER DR;33144
328;14.02.2024;VEHICLE TRAFFIC OFFENSE (NON-DUI);300 S DIXIE HWY;33114
329;13.02.2024;INCIDENT REPORT;155 SOLANO PRADO;33206
330;12.02.2024;PROPERTY LOST;812 CATALONIA PL;33158
331;11.02.2024;VEHICLE TRAFFIC OFFENSE (NON-DUI);1200 BIRD RD;33156
332;11.02.2024;VEHICLE TRAFFIC OFFENSE (NON-DUI);400 S DIXIE HWY;33145
333;10.02.2024;INCIDENT REPORT;804 DOUGLAS RD;33156
334;09.02.2024;VEHICLE TRAFFIC OFFENSE (NON-DUI);1200 S DIXIE HWY;33156
335;09.02.2024;PROPERTY LOST;301 GIRALDA AV;33124
336;08.02.2024;VEHICLE DRIVING / BOATING UNDER THE INFLUENCE;3475 S LEJEUNE RD;33206
337;07.02.2024;DISTURBANCE OTHER;909 S DIXIE HWY;33234
338;07.02.2024;PROPERTY FOUND / IMPOUNDED;2131 SALZEDO ST;33143
339;06.02.2024;FRAUD OTHER JURISDICTION;6845 VERONESE ST;33146
340;05.02.2024;SUSPICIOUS INCIDENT;111 ROMANO AV;33158
341;05.02.2024;DISORDERLY CONDUCT;5885 PONCE DE LEON BLVD;33124
342;04.02.2024;PROPERTY LOST;1 MARIOLA CT;33158
343;03.02.2024;ACCIDENT NO INJURY;1906 PONCE DE LEON BLVD;33145
344;03.02.2024;FRAUD OTHER JURISDICTION;357 ALMERIA AV;33158
345;02.02.2024;SIMPLE HARASSMENT;150 ALHAMBRA CIR;33146
346;01.02.2024;VEHICLE PARKING OFFENSE / SCOFF LAW;3600 PONCE DE LEON BLVD;33114
347;01.02.2024;DISTURBANCE OTHER;1536 ALEGRIANO AV;33145
348;31.01.2024;SUSPICIOUS INCIDENT;5100 SW 68TH ST;33234
349;30.01.2024;INCIDENT REPORT;5716 SAN VICENTE ST;33158
350;30.01.2024;THEFT OF AUTO PART / ACCESSORY;6915 CAMARIN ST;33234
351;29.01.2024;PROPERTY LOST;4310 PONCE DE LEON BLVD;33234
352;28.01.2024;TRESPASS WARNING;3443 SEGOVIA ST;33124
353;28.01.2024;WARRANT ARREST;2131 SALZEDO ST;33134
354;27.01.2024;VEHICLE TRAFFIC OFFENSE (NON-DUI);3300 RIVIERA DR;33144
355;26.01.2024;TRESPASS WARNING;358 SAN LORENZO AV;33156
356;26.01.2024;INCIDENT REPORT;1418 PONCE DE LEON BLVD;33145
357;25.01.2024;FD SICK/INJURED PERSON;1245 DAUER DR;33133
358;24.01.2024;HAZARDOUS SITUATION / CONTAINMENT;1330 STANMOR DR;33114
359;24.01.2024;SIMPLE ASSAULT / THREATS;1150 ANASTASIA AV;33145
360;23.01.2024;PROPERTY LOST;915 COUNTRY CLUB PRADO;33134
361;22.01.2024;VEHICLE TRAFFIC OFFENSE (NON-DUI);400 BILTMORE WAY;33146
362;22.01.2024;COURT VIOLATION;2100 ALHAMBRA CIR;33156
363;21.01.2024;THEFT FROM STRUCTURE WITH LEGAL ACCESS / PUBLIC BUILDING;4835 UNIVERSITY DR;33124
364;20.01.2024;SUSPICIOUS INCIDENT;613 TANGIER ST;33143
365;20.01.2024;DISTURBANCE OTHER;169 MIRACLE MILE;33133
366;19.01.2024;WARRANT ARREST;3115 PONCE DE LEON BLVD;33114
367;18.01.2024;SUSPICIOUS INCIDENT;50 MINORCA AV;33133
368;18.01.2024;THEFT OTHER;5821 SAN AMARO DR;33134
369;17.01.2024;THEFT FROM MOTOR VEHICLE;5015 ORDUNA DR;33134
370;16.01.2024;THEFT BY SHOPLIFTING;1401 MONZA AV;33156
371;15.01.2024;FRAUD OTHER;1455 BIRD RD;33133
372;15.01.2024;BURGLARY NON-RESIDENTIAL;2601 SALZEDO ST;33156
373;14.01.2024;VEHICLE HIT & RUN;700 BENEVENTO AV;33206
374;13.01.2024;SUSPICIOUS INCIDENT;500 CADAGUA AV;33143
375;13.01.2024;PROPERTY FOUND / IMPOUNDED;1280 STANFORD DR;33144
376;12.01.2024;THEFT FROM MOTOR VEHICLE;440 BLUE RD;33133
377;11.01.2024;THEFT BY SHOPLIFTING;375 S DIXIE HWY;33156
378;11.01.2024;PROPERTY DAMAGED;1245 DAUER DR;33158
379;10.01.2024;TRESPASS WARNING;6611 YUMURI ST;33146
380;09.01.2024;ASSIST INJUNCTION / COURT SERVICE;800 CAPRI ST;33133
381;09.01.2024;THEFT BY SHOPLIFTING;1000 PONCE DE LEON BLVD;33134
382;08.01.2024;THEFT BY SHOPLIFTING;152 MIRACLE MILE;33146
383;07.01.2024;VEHICLE TRAFFIC OFFENSE (NON-DUI);2417 PONCE DE LEON BLVD;33144
384;07.01.2024;FD SICK/INJURED PERSON;1280 STANFORD DR;33143
385;06.01.2024;THEFT OF AUTO TAG / REGISTRATION DECAL;2551 LE JEUNE RD;33158
386;05.01.2024;THEFT FROM MOTOR VEHICLE;1300 GALIANO ST;33146
387;05.01.2024;OBSTRUCTION OF JUSTICE / RESIST ARREST / ESCAPE;4601 ALHAMBRA CIR;33206
388;04.01.2024;ASSIST OTHER AGENCY;90 EDGEWATER DR;33156
389;03.01.2024;VEHICLE TRAFFIC OFFENSE (NON-DUI);300 S DIXIE HWY;33145
390;02.01.2024;INCIDENT REPORT;155 SOLANO PRADO;33124
391;02.01.2024;PROPERTY LOST;812 CATALONIA PL;33146
392;01.01.2024;VEHICLE TRAFFIC OFFENSE (NON-DUI);1200 BIRD RD;33156
393;31.12.2023;VEHICLE TRAFFIC OFFENSE (NON-DUI);400 S DIXIE HWY;33144
394;31.12.2023;INCIDENT REPORT;804 DOUGLAS RD;33114
395;30.12.2023;VEHICLE TRAFFIC OFFENSE (NON-DUI);1200 S DIXIE HWY;33134
396;29.12.2023;PROPERTY LOST;301 GIRALDA AV;33146
397;29.12.2023;VEHICLE DRIVING / BOATING UNDER THE INFLUENCE;3475 S LEJEUNE RD;33133
398;28.12.2023;DISTURBANCE OTHER;909 S DIXIE HWY;33114
399;27.12.2023;PROPERTY FOUND / IMPOUNDED;2131 SALZEDO ST;33143
400;27.12.2023;FRAUD OTHER JURISDICTION;6845 VERONESE ST;33206
401;26.12.2023;SUSPICIOUS INCIDENT;111 ROMANO AV;33114
402;25.12.2023;DISORDERLY CONDUCT;5885 PONCE DE LEON BLVD;33145
403;25.12.2023;PROPERTY LOST;1 MARIOLA CT;33145
404;24.12.2023;ACCIDENT NO INJURY;1906 PONCE DE LEON BLVD;33145
405;23.12.2023;FRAUD OTHER JURISDICTION;357 ALMERIA AV;33124
406;23.12.2023;SIMPLE HARASSMENT;150 ALHAMBRA CIR;33156
407;22.12.2023;VEHICLE PARKING OFFENSE / SCOFF LAW;3600 PONCE DE LEON BLVD;33206
408;21.12.2023;DISTURBANCE OTHER;1536 ALEGRIANO AV;33145
409;21.12.2023;SUSPICIOUS INCIDENT;5100 SW 68TH ST;33133
410;20.12.2023;INCIDENT REPORT;5716 SAN VICENTE ST;33145
411;19.12.2023;THEFT OF AUTO PART / ACCESSORY;6915 CAMARIN ST;33158
412;19.12.2023;PROPERTY LOST;4310 PONCE DE LEON BLVD;33134
413;18.12.2023;TRESPASS WARNING;3443 SEGOVIA ST;33158
414;17.12.2023;WARRANT ARREST;2131 SALZEDO ST;33145
415;17.12.2023;VEHICLE TRAFFIC OFFENSE (NON-DUI);3300 RIVIERA DR;33133
416;16.12.2023;TRESPASS WARNING;358 SAN LORENZO AV;33206
417;15.12.2023;INCIDENT REPORT;1418 PONCE DE LEON BLVD;33134
418;15.12.2023;FD SICK/INJURED PERSON;1245 DAUER DR;33146
419;14.12.2023;HAZARDOUS SITUATION / CONTAINMENT;1330 STANMOR DR;33158
420;13.12.2023;SIMPLE ASSAULT / THREATS;1150 ANASTASIA AV;33114
421;13.12.2023;PROPERTY LOST;915 COUNTRY CLUB PRADO;33146
422;12.12.2023;VEHICLE TRAFFIC OFFENSE (NON-DUI);400 BILTMORE WAY;33124
423;11.12.2023;COURT VIOLATION;2100 ALHAMBRA CIR;33144
424;11.12.2023;THEFT FROM STRUCTURE WITH LEGAL ACCESS / PUBLIC BUILDING;4835 UNIVERSITY DR;33156
425;10.12.2023;SUSPICIOUS INCIDENT;613 TANGIER ST;33146
426;09.12.2023;DISTURBANCE OTHER;169 MIRACLE MILE;33156
427;09.12.2023;WARRANT ARREST;3115 PONCE DE LEON BLVD;33146
428;08.12.2023;SUSPICIOUS INCIDENT;50 MINORCA AV;33158
429;07.12.2023;THEFT OTHER;5821 SAN AMARO DR;33114
430;07.12.2023;THEFT FROM MOTOR VEHICLE;5015 ORDUNA DR;33133
431;06.12.2023;THEFT BY SHOPLIFTING;1401 MONZA AV;33133
432;05.12.2023;FRAUD OTHER;1455 BIRD RD;33133
433;05.12.2023;BURGLARY NON-RESIDENTIAL;2601 SALZEDO ST;33234
434;04.12.2023;VEHICLE HIT & RUN;700 BENEVENTO AV;33156
435;03.12.2023;SUSPICIOUS INCIDENT;500 CADAGUA AV;33144
436;03.12.2023;PROPERTY FOUND / IMPOUNDED;1280 STANFORD DR;33134
437;02.12.2023;THEFT FROM MOTOR VEHICLE;440 BLUE RD;33146
438;01.12.2023;THEFT BY SHOPLIFTING;375 S DIXIE HWY;33158
439;01.12.2023;PROPERTY DAMAGED;1245 DAUER DR;33146
440;30.11.2023;TRESPASS WARNING;6611 YUMURI ST;33158
441;29.11.2023;ASSIST INJUNCTION / COURT SERVICE;800 CAPRI ST;33134
442;29.11.2023;THEFT BY SHOPLIFTING;1000 PONCE DE LEON BLVD;33156
443;28.11.2023;THEFT BY SHOPLIFTING;152 MIRACLE MILE;33206
444;27.11.2023;VEHICLE TRAFFIC OFFENSE (NON-DUI);2417 PONCE DE LEON BLVD;33133
445;27.11.2023;FD SICK/INJURED PERSON;1280 STANFORD DR;33146
446;26.11.2023;THEFT OF AUTO TAG / REGISTRATION DECAL;2551 LE JEUNE RD;33158
447;25.11.2023;THEFT FROM MOTOR VEHICLE;1300 GALIANO ST;33133
448;25.11.2023;OBSTRUCTION OF JUSTICE / RESIST ARREST / ESCAPE;4601 ALHAMBRA CIR;33124
449;24.11.2023;ASSIST OTHER AGENCY;90 EDGEWATER DR;33206
450;23.11.2023;VEHICLE TRAFFIC OFFENSE (NON-DUI);300 S DIXIE HWY;33133
451;23.11.2023;INCIDENT REPORT;155 SOLANO PRADO;33143
452;22.11.2023;PROPERTY LOST;812 CATALONIA PL;33234
453;21.11.2023;VEHICLE TRAFFIC OFFENSE (NON-DUI);1200 BIRD RD;33114
454;21.11.2023;VEHICLE TRAFFIC OFFENSE (NON-DUI);400 S DIXIE HWY;33134
455;20.11.2023;INCIDENT REPORT;804 DOUGLAS RD;33114
456;19.11.2023;VEHICLE TRAFFIC OFFENSE (NON-DUI);1200 S DIXIE HWY;33145
457;19.11.2023;PROPERTY LOST;301 GIRALDA AV;33143
458;18.11.2023;VEHICLE DRIVING / BOATING UNDER THE INFLUENCE;3475 S LEJEUNE RD;33206
459;17.11.2023;DISTURBANCE OTHER;909 S DIXIE HWY;33146
460;17.11.2023;PROPERTY FOUND / IMPOUNDED;2131 SALZEDO ST;33133
461;16.11.2023;FRAUD OTHER JURISDICTION;6845 VERONESE ST;33234
462;15.11.2023;SUSPICIOUS INCIDENT;111 ROMANO AV;33156
463;15.11.2023;DISORDERLY CONDUCT;5885 PONCE DE LEON BLVD;33124
464;14.11.2023;PROPERTY LOST;1 MARIOLA CT;33145
465;13.11.2023;ACCIDENT NO INJURY;1906 PONCE DE LEON BLVD;33146
466;13.11.2023;FRAUD OTHER JURISDICTION;357 ALMERIA AV;33124
467;12.11.2023;SIMPLE HARASSMENT;150 ALHAMBRA CIR;33124
468;11.11.2023;VEHICLE PARKING OFFENSE / SCOFF LAW;3600 PONCE DE LEON BLVD;33158
469;11.11.2023;DISTURBANCE OTHER;1536 ALEGRIANO AV;33146
470;10.11.2023;SUSPICIOUS INCIDENT;5100 SW 68TH ST;33156
471;09.11.2023;INCIDENT REPORT;5716 SAN VICENTE ST;33133
472;09.11.2023;THEFT OF AUTO PART / ACCESSORY;6915 CAMARIN ST;33206
473;08.11.2023;PROPERTY LOST;4310 PONCE DE LEON BLVD;33134
474;07.11.2023;TRESPASS WARNING;3443 SEGOVIA ST;33124
475;07.11.2023;WARRANT ARREST;2131 SALZEDO ST;33206
476;06.11.2023;VEHICLE TRAFFIC OFFENSE (NON-DUI);3300 RIVIERA DR;33144
477;05.11.2023;TRESPASS WARNING;358 SAN LORENZO AV;33114
478;04.11.2023;INCIDENT REPORT;1418 PONCE DE LEON BLVD;33134
479;04.11.2023;FD SICK/INJURED PERSON;1245 DAUER DR;33133
480;03.11.2023;HAZARDOUS SITUATION / CONTAINMENT;1330 STANMOR DR;33114
481;02.11.2023;SIMPLE ASSAULT / THREATS;1150 ANASTASIA AV;33144
482;02.11.2023;PROPERTY LOST;915 COUNTRY CLUB PRADO;33145
483;01.11.2023;VEHICLE TRAFFIC OFFENSE (NON-DUI);400 BILTMORE WAY;33146
484;31.10.2023;COURT VIOLATION;2100 ALHAMBRA CIR;33145
485;31.10.2023;THEFT FROM STRUCTURE WITH LEGAL ACCESS / PUBLIC BUILDING;4835 UNIVERSITY DR;33134
486;30.10.2023;SUSPICIOUS INCIDENT;613 TANGIER ST;33158
487;29.10.2023;DISTURBANCE OTHER;169 MIRACLE MILE;33124
488;29.10.2023;WARRANT ARREST;3115 PONCE DE LEON BLVD;33134
489;28.10.2023;SUSPICIOUS INCIDENT;50 MINORCA AV;33124
490;27.10.2023;THEFT OTHER;5821 SAN AMARO DR;33133
491;27.10.2023;THEFT FROM MOTOR VEHICLE;5015 ORDUNA DR;33124
492;26.10.2023;THEFT BY SHOPLIFTING;1401 MONZA AV;33114
493;25.10.2023;FRAUD OTHER;1455 BIRD RD;33158
494;25.10.2023;BURGLARY NON-RESIDENTIAL;2601 SALZEDO ST;33206
495;24.10.2023;VEHICLE HIT & RUN;700 BENEVENTO AV;33206
496;23.10.2023;SUSPICIOUS INCIDENT;500 CADAGUA AV;33234
497;23.10.2023;PROPERTY FOUND / IMPOUNDED;1280 STANFORD DR;33145
498;22.10.2023;THEFT FROM MOTOR VEHICLE;440 BLUE RD;33133
499;21.10.2023;THEFT BY SHOPLIFTING;375 S DIXIE HWY;33146
500;21.10.2023;PROPERTY DAMAGED;1245 DAUER DR;33133
501;20.10.2023;TRESPASS WARNING;6611 YUMURI ST;33156
502;19.10.2023;ASSIST INJUNCTION / COURT SERVICE;800 CAPRI ST;33144
503;19.10.2023;THEFT BY SHOPLIFTING;1000 PONCE DE LEON BLVD;33145
504;18.10.2023;THEFT BY SHOPLIFTING;152 MIRACLE MILE;33206
505;17.10.2023;VEHICLE TRAFFIC OFFENSE (NON-DUI);2417 PONCE DE LEON BLVD;33158
506;17.10.2023;FD SICK/INJURED PERSON;1280 STANFORD DR;33133
507;16.10.2023;THEFT OF AUTO TAG / REGISTRATION DECAL;2551 LE JEUNE RD;33206
508;15.10.2023;THEFT FROM MOTOR VEHICLE;1300 GALIANO ST;33158
509;15.10.2023;OBSTRUCTION OF JUSTICE / RESIST ARREST / ESCAPE;4601 ALHAMBRA CIR;33146
510;14.10.2023;ASSIST OTHER AGENCY;90 EDGEWATER DR;33144
511;13.10.2023;VEHICLE TRAFFIC OFFENSE (NON-DUI);300 S DIXIE HWY;33114
512;13.10.2023;INCIDENT REPORT;155 SOLANO PRADO;33134
513;12.10.2023;PROPERTY LOST;812 CATALONIA PL;33145
514;11.10.2023;VEHICLE TRAFFIC OFFENSE (NON-DUI);1200 BIRD RD;33156
515;11.10.2023;VEHICLE TRAFFIC OFFENSE (NON-DUI);400 S DIXIE HWY;33133
516;10.10.2023;INCIDENT REPORT;804 DOUGLAS RD;33158
517;09.10.2023;VEHICLE TRAFFIC OFFENSE (NON-DUI);1200 S DIXIE HWY;33144
518;09.10.2023;PROPERTY LOST;301 GIRALDA AV;33133
519;08.10.2023;VEHICLE DRIVING / BOATING UNDER THE INFLUENCE;3475 S LEJEUNE RD;33158
520;07.10.2023;DISTURBANCE OTHER;909 S DIXIE HWY;33145
521;07.10.2023;PROPERTY FOUND / IMPOUNDED;2131 SALZEDO ST;33124
522;06.10.2023;FRAUD OTHER JURISDICTION;6845 VERONESE ST;33158
523;05.10.2023;SUSPICIOUS INCIDENT;111 ROMANO AV;33133
524;05.10.2023;DISORDERLY CONDUCT;5885 PONCE DE LEON BLVD;33133
525;04.10.2023;PROPERTY LOST;1 MARIOLA CT;33156
526;03.10.2023;ACCIDENT NO INJURY;1906 PONCE DE LEON BLVD;33143
527;03.10.2023;FRAUD OTHER JURISDICTION;357 ALMERIA AV;33206
528;02.10.2023;SIMPLE HARASSMENT;150 ALHAMBRA CIR;33156
529;01.10.2023;VEHICLE PARKING OFFENSE / SCOFF LAW;3600 PONCE DE LEON BLVD;33158
530;01.10.2023;DISTURBANCE OTHER;1536 ALEGRIANO AV;33145
531;30.09.2023;SUSPICIOUS INCIDENT;5100 SW 68TH ST;33133
532;29.09.2023;INCIDENT REPORT;5716 SAN VICENTE ST;33133
533;29.09.2023;THEFT OF AUTO PART / ACCESSORY;6915 CAMARIN ST;33145
534;28.09.2023;PROPERTY LOST;4310 PONCE DE LEON BLVD;33133
535;27.09.2023;TRESPASS WARNING;3443 SEGOVIA ST;33114
536;27.09.2023;WARRANT ARREST;2131 SALZEDO ST;33158
537;26.09.2023;VEHICLE TRAFFIC OFFENSE (NON-DUI);3300 RIVIERA DR;33114
538;25.09.2023;TRESPASS WARNING;358 SAN LORENZO AV;33134
539;25.09.2023;INCIDENT REPORT;1418 PONCE DE LEON BLVD;33206
540;24.09.2023;FD SICK/INJURED PERSON;1245 DAUER DR;33144
541;23.09.2023;HAZARDOUS SITUATION / CONTAINMENT;1330 STANMOR DR;33206
542;23.09.2023;SIMPLE ASSAULT / THREATS;1150 ANASTASIA AV;33146
543;22.09.2023;PROPERTY LOST;915 COUNTRY CLUB PRADO;33133
544;21.09.2023;VEHICLE TRAFFIC OFFENSE (NON-DUI);400 BILTMORE WAY;33133
545;21.09.2023;COURT VIOLATION;2100 ALHAMBRA CIR;33156
546;20.09.2023;THEFT FROM STRUCTURE WITH LEGAL ACCESS / PUBLIC BUILDING;4835 UNIVERSITY DR;33114
547;19.09.2023;SUSPICIOUS INCIDENT;613 TANGIER ST;33156
548;19.09.2023;DISTURBANCE OTHER;169 MIRACLE MILE;33114
549;18.09.2023;WARRANT ARREST;3115 PONCE DE LEON BLVD;33156
550;17.09.2023;SUSPICIOUS INCIDENT;50 MINORCA AV;33145
551;17.09.2023;THEFT OTHER;5821 SAN AMARO DR;33144
552;16.09.2023;THEFT FROM MOTOR VEHICLE;5015 ORDUNA DR;33114
553;15.09.2023;THEFT BY SHOPLIFTING;1401 MONZA AV;33234
554;15.09.2023;FRAUD OTHER;1455 BIRD RD;33114
555;14.09.2023;BURGLARY NON-RESIDENTIAL;2601 SALZEDO ST;33206
556;13.09.2023;VEHICLE HIT & RUN;700 BENEVENTO AV;33114
557;13.09.2023;SUSPICIOUS INCIDENT;500 CADAGUA AV;33114
558;12.09.2023;PROPERTY FOUND / IMPOUNDED;1280 STANFORD DR;33146
559;11.09.2023;THEFT FROM MOTOR VEHICLE;440 BLUE RD;33156
560;11.09.2023;THEFT BY SHOPLIFTING;375 S DIXIE HWY;33206
561;10.09.2023;PROPERTY DAMAGED;1245 DAUER DR;33143
562;09.09.2023;TRESPASS WARNING;6611 YUMURI ST;33133
563;09.09.2023;ASSIST INJUNCTION / COURT SERVICE;800 CAPRI ST;33206
564;08.09.2023;THEFT BY SHOPLIFTING;1000 PONCE DE LEON BLVD;33206
565;07.09.2023;THEFT BY SHOPLIFTING;152 MIRACLE MILE;33156
566;07.09.2023;VEHICLE TRAFFIC OFFENSE (NON-DUI);2417 PONCE DE LEON BLVD;33206
567;06.09.2023;FD SICK/INJURED PERSON;1280 STANFORD DR;33145
568;05.09.2023;THEFT OF AUTO TAG / REGISTRATION DECAL;2551 LE JEUNE RD;33234
569;05.09.2023;THEFT FROM MOTOR VEHICLE;1300 GALIANO ST;33234
570;04.09.2023;OBSTRUCTION OF JUSTICE / RESIST ARREST / ESCAPE;4601 ALHAMBRA CIR;33156
571;03.09.2023;ASSIST OTHER AGENCY;90 EDGEWATER DR;33143
572;03.09.2023;VEHICLE TRAFFIC OFFENSE (NON-DUI);300 S DIXIE HWY;33234
573;02.09.2023;INCIDENT REPORT;155 SOLANO PRADO;33134
574;01.09.2023;PROPERTY LOST;812 CATALONIA PL;33144
575;01.09.2023;VEHICLE TRAFFIC OFFENSE (NON-DUI);1200 BIRD RD;33144
576;31.08.2023;VEHICLE TRAFFIC OFFENSE (NON-DUI);400 S DIXIE HWY;33114
577;31.08.2023;INCIDENT REPORT;804 DOUGLAS RD;33143
578;30.08.2023;VEHICLE TRAFFIC OFFENSE (NON-DUI);1200 S DIXIE HWY;33114
579;29.08.2023;PROPERTY LOST;301 GIRALDA AV;33234
580;29.08.2023;VEHICLE DRIVING / BOATING UNDER THE INFLUENCE;3475 S LEJEUNE RD;33156
581;28.08.2023;DISTURBANCE OTHER;909 S DIXIE HWY;33146
582;27.08.2023;PROPERTY FOUND / IMPOUNDED;2131 SALZEDO ST;33145
583;27.08.2023;FRAUD OTHER JURISDICTION;6845 VERONESE ST;33234
584;26.08.2023;SUSPICIOUS INCIDENT;111 ROMANO AV;33134
585;25.08.2023;DISORDERLY CONDUCT;5885 PONCE DE LEON BLVD;33156
586;25.08.2023;PROPERTY LOST;1 MARIOLA CT;33144
587;24.08.2023;ACCIDENT NO INJURY;1906 PONCE DE LEON BLVD;33158
588;23.08.2023;FRAUD OTHER JURISDICTION;357 ALMERIA AV;33144
589;23.08.2023;SIMPLE HARASSMENT;150 ALHAMBRA CIR;33114
590;22.08.2023;VEHICLE PARKING OFFENSE / SCOFF LAW;3600 PONCE DE LEON BLVD;33156
591;21.08.2023;DISTURBANCE OTHER;1536 ALEGRIANO AV;33134
592;21.08.2023;SUSPICIOUS INCIDENT;5100 SW 68TH ST;33145
593;20.08.2023;INCIDENT REPORT;5716 SAN VICENTE ST;33158
594;19.08.2023;THEFT OF AUTO PART / ACCESSORY;6915 CAMARIN ST;33124
595;19.08.2023;PROPERTY LOST;4310 PONCE DE LEON BLVD;33234
596;18.08.2023;TRESPASS WARNING;3443 SEGOVIA ST;33143
597;17.08.2023;WARRANT ARREST;2131 SALZEDO ST;33206
598;17.08.2023;VEHICLE TRAFFIC OFFENSE (NON-DUI);3300 RIVIERA DR;33156
599;16.08.2023;TRESPASS WARNING;358 SAN LORENZO AV;33143
600;15.08.2023;INCIDENT REPORT;1418 PONCE DE LEON BLVD;33156
601;15.08.2023;FD SICK/INJURED PERSON;1245 DAUER DR;33146
602;14.08.2023;HAZARDOUS SITUATION / CONTAINMENT;1330 STANMOR DR;33146
603;13.08.2023;SIMPLE ASSAULT / THREATS;1150 ANASTASIA AV;33206
604;13.08.2023;PROPERTY LOST;915 COUNTRY CLUB PRADO;33124
605;12.08.2023;VEHICLE TRAFFIC OFFENSE (NON-DUI);400 BILTMORE WAY;33124
606;11.08.2023;COURT VIOLATION;2100 ALHAMBRA CIR;33133
607;11.08.2023;THEFT FROM STRUCTURE WITH LEGAL ACCESS / PUBLIC BUILDING;4835 UNIVERSITY DR;33145
608;10.08.2023;SUSPICIOUS INCIDENT;613 TANGIER ST;33133
609;09.08.2023;DISTURBANCE OTHER;169 MIRACLE MILE;33156
610;09.08.2023;WARRANT ARREST;3115 PONCE DE LEON BLVD;33134
611;08.08.2023;SUSPICIOUS INCIDENT;50 MINORCA AV;33134
612;06.08.2023;THEFT BY SHOPLIFTING;1401 MONZA AV;33234
613;05.08.2023;FRAUD OTHER;1455 BIRD RD;33206
614;05.08.2023;BURGLARY NON-RESIDENTIAL;2601 SALZEDO ST;33143
615;04.08.2023;VEHICLE HIT & RUN;700 BENEVENTO AV;33158
616;03.08.2023;SUSPICIOUS INCIDENT;500 CADAGUA AV;33143
617;03.08.2023;PROPERTY FOUND / IMPOUNDED;1280 STANFORD DR;33158
618;02.08.2023;THEFT FROM MOTOR VEHICLE;440 BLUE RD;33158
619;01.08.2023;THEFT BY SHOPLIFTING;375 S DIXIE HWY;33114
620;01.08.2023;PROPERTY DAMAGED;1245 DAUER DR;33234
621;31.07.2023;TRESPASS WARNING;6611 YUMURI ST;33234
622;30.07.2023;ASSIST INJUNCTION / COURT SERVICE;800 CAPRI ST;33114
623;30.07.2023;THEFT BY SHOPLIFTING;1000 PONCE DE LEON BLVD;33146
624;29.07.2023;THEFT BY SHOPLIFTING;152 MIRACLE MILE;33206
625;28.07.2023;VEHICLE TRAFFIC OFFENSE (NON-DUI);2417 PONCE DE LEON BLVD;33156
626;28.07.2023;FD SICK/INJURED PERSON;1280 STANFORD DR;33206
627;27.07.2023;THEFT OF AUTO TAG / REGISTRATION DECAL;2551 LE JEUNE RD;33145
628;26.07.2023;THEFT FROM MOTOR VEHICLE;1300 GALIANO ST;33124
629;26.07.2023;OBSTRUCTION OF JUSTICE / RESIST ARREST / ESCAPE;4601 ALHAMBRA CIR;33144
630;25.07.2023;ASSIST OTHER AGENCY;90 EDGEWATER DR;33156
631;24.07.2023;VEHICLE TRAFFIC OFFENSE (NON-DUI);300 S DIXIE HWY;33143
632;24.07.2023;INCIDENT REPORT;155 SOLANO PRADO;33143
633;23.07.2023;PROPERTY LOST;812 CATALONIA PL;33114
634;22.07.2023;VEHICLE TRAFFIC OFFENSE (NON-DUI);1200 BIRD RD;33234
635;22.07.2023;VEHICLE TRAFFIC OFFENSE (NON-DUI);400 S DIXIE HWY;33134
636;21.07.2023;INCIDENT REPORT;804 DOUGLAS RD;33145
637;20.07.2023;VEHICLE TRAFFIC OFFENSE (NON-DUI);1200 S DIXIE HWY;33146
638;20.07.2023;PROPERTY LOST;301 GIRALDA AV;33146
639;19.07.2023;VEHICLE DRIVING / BOATING UNDER THE INFLUENCE;3475 S LEJEUNE RD;33234
640;18.07.2023;DISTURBANCE OTHER;909 S DIXIE HWY;33158
641;18.07.2023;PROPERTY FOUND / IMPOUNDED;2131 SALZEDO ST;33143
642;17.07.2023;FRAUD OTHER JURISDICTION;6845 VERONESE ST;33143
643;16.07.2023;SUSPICIOUS INCIDENT;111 ROMANO AV;33144
644;16.07.2023;DISORDERLY CONDUCT;5885 PONCE DE LEON BLVD;33133
645;15.07.2023;PROPERTY LOST;1 MARIOLA CT;33206
646;14.07.2023;ACCIDENT NO INJURY;1906 PONCE DE LEON BLVD;33133
647;14.07.2023;FRAUD OTHER JURISDICTION;357 ALMERIA AV;33146
648;13.07.2023;SIMPLE HARASSMENT;150 ALHAMBRA CIR;33134
649;12.07.2023;VEHICLE PARKING OFFENSE / SCOFF LAW;3600 PONCE DE LEON BLVD;33206
650;12.07.2023;DISTURBANCE OTHER;1536 ALEGRIANO AV;33145
651;11.07.2023;SUSPICIOUS INCIDENT;5100 SW 68TH ST;33134
652;10.07.2023;INCIDENT REPORT;5716 SAN VICENTE ST;33158
653;10.07.2023;THEFT OF AUTO PART / ACCESSORY;6915 CAMARIN ST;33158
654;09.07.2023;PROPERTY LOST;4310 PONCE DE LEON BLVD;33124
655;08.07.2023;TRESPASS WARNING;3443 SEGOVIA ST;33134
656;08.07.2023;WARRANT ARREST;2131 SALZEDO ST;33143
657;07.07.2023;VEHICLE TRAFFIC OFFENSE (NON-DUI);3300 RIVIERA DR;33133
658;06.07.2023;TRESPASS WARNING;358 SAN LORENZO AV;33114
659;06.07.2023;INCIDENT REPORT;1418 PONCE DE LEON BLVD;33158
660;05.07.2023;FD SICK/INJURED PERSON;1245 DAUER DR;33114
661;04.07.2023;HAZARDOUS SITUATION / CONTAINMENT;1330 STANMOR DR;33143
662;04.07.2023;SIMPLE ASSAULT / THREATS;1150 ANASTASIA AV;33158
663;03.07.2023;PROPERTY LOST;915 COUNTRY CLUB PRADO;33124
664;02.07.2023;VEHICLE TRAFFIC OFFENSE (NON-DUI);400 BILTMORE WAY;33145
665;02.07.2023;COURT VIOLATION;2100 ALHAMBRA CIR;33234
666;01.07.2023;THEFT FROM STRUCTURE WITH LEGAL ACCESS / PUBLIC BUILDING;4835 UNIVERSITY DR;33144
667;30.06.2023;SUSPICIOUS INCIDENT;613 TANGIER ST;33156
668;30.06.2023;DISTURBANCE OTHER;169 MIRACLE MILE;33114
669;29.06.2023;WARRANT ARREST;3115 PONCE DE LEON BLVD;33158
670;28.06.2023;SUSPICIOUS INCIDENT;50 MINORCA AV;33144
671;28.06.2023;THEFT OTHER;5821 SAN AMARO DR;33134
672;27.06.2023;THEFT FROM MOTOR VEHICLE;5015 ORDUNA DR;33156
673;26.06.2023;THEFT BY SHOPLIFTING;1401 MONZA AV;33144
674;26.06.2023;FRAUD OTHER;1455 BIRD RD;33143
675;25.06.2023;BURGLARY NON-RESIDENTIAL;2601 SALZEDO ST;33133
676;10.11.2023;SUSPICIOUS INCIDENT;5100 SW 68TH ST;33146
677;09.11.2023;INCIDENT REPORT;5716 SAN VICENTE ST;33124
678;09.11.2023;THEFT OF AUTO PART / ACCESSORY;6915 CAMARIN ST;33114
679;08.11.2023;PROPERTY LOST;4310 PONCE DE LEON BLVD;33144
680;07.11.2023;TRESPASS WARNING;3443 SEGOVIA ST;33145
681;07.11.2023;WARRANT ARREST;2131 SALZEDO ST;33114
682;06.11.2023;VEHICLE TRAFFIC OFFENSE (NON-DUI);3300 RIVIERA DR;33158
683;05.11.2023;TRESPASS WARNING;358 SAN LORENZO AV;33206
684;04.11.2023;INCIDENT REPORT;1418 PONCE DE LEON BLVD;33156
685;04.11.2023;FD SICK/INJURED PERSON;1245 DAUER DR;33143
686;03.11.2023;HAZARDOUS SITUATION / CONTAINMENT;1330 STANMOR DR;33114
687;02.11.2023;SIMPLE ASSAULT / THREATS;1150 ANASTASIA AV;33234
688;02.11.2023;PROPERTY LOST;915 COUNTRY CLUB PRADO;33133
689;01.11.2023;VEHICLE TRAFFIC OFFENSE (NON-DUI);400 BILTMORE WAY;33145
690;31.10.2023;COURT VIOLATION;2100 ALHAMBRA CIR;33146
691;31.10.2023;THEFT FROM STRUCTURE WITH LEGAL ACCESS / PUBLIC BUILDING;4835 UNIVERSITY DR;33134
692;30.10.2023;SUSPICIOUS INCIDENT;613 TANGIER ST;33114
693;29.10.2023;DISTURBANCE OTHER;169 MIRACLE MILE;33143
694;29.10.2023;WARRANT ARREST;3115 PONCE DE LEON BLVD;33124
695;28.10.2023;SUSPICIOUS INCIDENT;50 MINORCA AV;33124
696;27.10.2023;THEFT OTHER;5821 SAN AMARO DR;33134
697;27.10.2023;THEFT FROM MOTOR VEHICLE;5015 ORDUNA DR;33133
698;26.10.2023;THEFT BY SHOPLIFTING;1401 MONZA AV;33134
699;25.10.2023;FRAUD OTHER;1455 BIRD RD;33158
700;25.10.2023;BURGLARY NON-RESIDENTIAL;2601 SALZEDO ST;33156
701;24.10.2023;VEHICLE HIT & RUN;700 BENEVENTO AV;33144
702;23.10.2023;SUSPICIOUS INCIDENT;500 CADAGUA AV;33156
703;23.10.2023;PROPERTY FOUND / IMPOUNDED;1280 STANFORD DR;33124
704;22.10.2023;THEFT FROM MOTOR VEHICLE;440 BLUE RD;33144
705;21.10.2023;THEFT BY SHOPLIFTING;375 S DIXIE HWY;33133
706;21.10.2023;PROPERTY DAMAGED;1245 DAUER DR;33158
707;20.10.2023;TRESPASS WARNING;6611 YUMURI ST;33206
708;19.10.2023;ASSIST INJUNCTION / COURT SERVICE;800 CAPRI ST;33146
709;19.10.2023;THEFT BY SHOPLIFTING;1000 PONCE DE LEON BLVD;33206
710;18.10.2023;THEFT BY SHOPLIFTING;152 MIRACLE MILE;33145
711;17.10.2023;VEHICLE TRAFFIC OFFENSE (NON-DUI);2417 PONCE DE LEON BLVD;33144
712;17.10.2023;FD SICK/INJURED PERSON;1280 STANFORD DR;33143
713;16.10.2023;THEFT OF AUTO TAG / REGISTRATION DECAL;2551 LE JEUNE RD;33156
714;15.10.2023;THEFT FROM MOTOR VEHICLE;1300 GALIANO ST;33234
715;15.10.2023;OBSTRUCTION OF JUSTICE / RESIST ARREST / ESCAPE;4601 ALHAMBRA CIR;33145
716;14.10.2023;ASSIST OTHER AGENCY;90 EDGEWATER DR;33146
717;13.10.2023;VEHICLE TRAFFIC OFFENSE (NON-DUI);300 S DIXIE HWY;33133
718;13.10.2023;INCIDENT REPORT;155 SOLANO PRADO;33133
719;12.10.2023;PROPERTY LOST;812 CATALONIA PL;33143
720;11.10.2023;VEHICLE TRAFFIC OFFENSE (NON-DUI);1200 BIRD RD;33114
721;11.10.2023;VEHICLE TRAFFIC OFFENSE (NON-DUI);400 S DIXIE HWY;33134
722;10.10.2023;INCIDENT REPORT;804 DOUGLAS RD;33124
723;09.10.2023;VEHICLE TRAFFIC OFFENSE (NON-DUI);1200 S DIXIE HWY;33156
724;09.10.2023;PROPERTY LOST;301 GIRALDA AV;33146
725;08.10.2023;VEHICLE DRIVING / BOATING UNDER THE INFLUENCE;3475 S LEJEUNE RD;33206
726;07.10.2023;DISTURBANCE OTHER;909 S DIXIE HWY;33143
727;07.10.2023;PROPERTY FOUND / IMPOUNDED;2131 SALZEDO ST;33158
728;06.10.2023;FRAUD OTHER JURISDICTION;6845 VERONESE ST;33134
729;05.10.2023;SUSPICIOUS INCIDENT;111 ROMANO AV;33134
730;05.10.2023;DISORDERLY CONDUCT;5885 PONCE DE LEON BLVD;33234
731;04.10.2023;PROPERTY LOST;1 MARIOLA CT;33146
732;03.10.2023;ACCIDENT NO INJURY;1906 PONCE DE LEON BLVD;33133
733;03.10.2023;FRAUD OTHER JURISDICTION;357 ALMERIA AV;33234
734;02.10.2023;SIMPLE HARASSMENT;150 ALHAMBRA CIR;33158
735;01.10.2023;VEHICLE PARKING OFFENSE / SCOFF LAW;3600 PONCE DE LEON BLVD;33145
736;01.10.2023;DISTURBANCE OTHER;1536 ALEGRIANO AV;33234
737;30.09.2023;SUSPICIOUS INCIDENT;5100 SW 68TH ST;33133
738;29.09.2023;INCIDENT REPORT;5716 SAN VICENTE ST;33146
739;29.09.2023;THEFT OF AUTO PART / ACCESSORY;6915 CAMARIN ST;33143
740;28.09.2023;PROPERTY LOST;4310 PONCE DE LEON BLVD;33133
741;27.09.2023;TRESPASS WARNING;3443 SEGOVIA ST;33134
742;27.09.2023;WARRANT ARREST;2131 SALZEDO ST;33146
743;26.09.2023;VEHICLE TRAFFIC OFFENSE (NON-DUI);3300 RIVIERA DR;33144
744;25.09.2023;TRESPASS WARNING;358 SAN LORENZO AV;33158
745;25.09.2023;INCIDENT REPORT;1418 PONCE DE LEON BLVD;33134
746;24.09.2023;FD SICK/INJURED PERSON;1245 DAUER DR;33134
747;23.09.2023;HAZARDOUS SITUATION / CONTAINMENT;1330 STANMOR DR;33134
748;23.09.2023;SIMPLE ASSAULT / THREATS;1150 ANASTASIA AV;33156
749;22.09.2023;PROPERTY LOST;915 COUNTRY CLUB PRADO;33156
750;21.09.2023;VEHICLE TRAFFIC OFFENSE (NON-DUI);400 BILTMORE WAY;33134
751;21.09.2023;COURT VIOLATION;2100 ALHAMBRA CIR;33158
752;20.09.2023;THEFT FROM STRUCTURE WITH LEGAL ACCESS / PUBLIC BUILDING;4835 UNIVERSITY DR;33145
753;19.09.2023;SUSPICIOUS INCIDENT;613 TANGIER ST;33124
754;19.09.2023;DISTURBANCE OTHER;169 MIRACLE MILE;33156
755;18.09.2023;WARRANT ARREST;3115 PONCE DE LEON BLVD;33133
756;17.09.2023;SUSPICIOUS INCIDENT;50 MINORCA AV;33143
757;17.09.2023;THEFT OTHER;5821 SAN AMARO DR;33146
758;16.09.2023;THEFT FROM MOTOR VEHICLE;5015 ORDUNA DR;33206
759;15.09.2023;THEFT BY SHOPLIFTING;1401 MONZA AV;33146
760;15.09.2023;FRAUD OTHER;1455 BIRD RD;33124
761;14.09.2023;BURGLARY NON-RESIDENTIAL;2601 SALZEDO ST;33146
762;13.09.2023;VEHICLE HIT & RUN;700 BENEVENTO AV;33158
763;13.09.2023;SUSPICIOUS INCIDENT;500 CADAGUA AV;33145
764;12.09.2023;PROPERTY FOUND / IMPOUNDED;1280 STANFORD DR;33124
765;11.09.2023;THEFT FROM MOTOR VEHICLE;440 BLUE RD;33143
766;11.09.2023;THEFT BY SHOPLIFTING;375 S DIXIE HWY;33143
767;10.09.2023;PROPERTY DAMAGED;1245 DAUER DR;33144
768;09.09.2023;TRESPASS WARNING;6611 YUMURI ST;33206
769;09.09.2023;ASSIST INJUNCTION / COURT SERVICE;800 CAPRI ST;33134
770;08.09.2023;THEFT BY SHOPLIFTING;1000 PONCE DE LEON BLVD;33143
771;07.09.2023;THEFT BY SHOPLIFTING;152 MIRACLE MILE;33234
772;07.09.2023;VEHICLE TRAFFIC OFFENSE (NON-DUI);2417 PONCE DE LEON BLVD;33124
773;06.09.2023;FD SICK/INJURED PERSON;1280 STANFORD DR;33156
774;05.09.2023;THEFT OF AUTO TAG / REGISTRATION DECAL;2551 LE JEUNE RD;33156
775;05.09.2023;THEFT FROM MOTOR VEHICLE;1300 GALIANO ST;33156
776;04.09.2023;OBSTRUCTION OF JUSTICE / RESIST ARREST / ESCAPE;4601 ALHAMBRA CIR;33158
777;03.09.2023;ASSIST OTHER AGENCY;90 EDGEWATER DR;33114
778;03.09.2023;VEHICLE TRAFFIC OFFENSE (NON-DUI);300 S DIXIE HWY;33133
779;02.09.2023;INCIDENT REPORT;155 SOLANO PRADO;33143
780;01.09.2023;PROPERTY LOST;812 CATALONIA PL;33144
781;01.09.2023;VEHICLE TRAFFIC OFFENSE (NON-DUI);1200 BIRD RD;33234
782;31.08.2023;VEHICLE TRAFFIC OFFENSE (NON-DUI);400 S DIXIE HWY;33145
783;31.08.2023;INCIDENT REPORT;804 DOUGLAS RD;33206
784;30.08.2023;VEHICLE TRAFFIC OFFENSE (NON-DUI);1200 S DIXIE HWY;33234
785;29.08.2023;PROPERTY LOST;301 GIRALDA AV;33156
786;29.08.2023;VEHICLE DRIVING / BOATING UNDER THE INFLUENCE;3475 S LEJEUNE RD;33133
787;28.08.2023;DISTURBANCE OTHER;909 S DIXIE HWY;33124
788;27.08.2023;PROPERTY FOUND / IMPOUNDED;2131 SALZEDO ST;33156
789;27.08.2023;FRAUD OTHER JURISDICTION;6845 VERONESE ST;33206
790;26.08.2023;SUSPICIOUS INCIDENT;111 ROMANO AV;33146
791;25.08.2023;DISORDERLY CONDUCT;5885 PONCE DE LEON BLVD;33144
792;25.08.2023;PROPERTY LOST;1 MARIOLA CT;33234
793;24.08.2023;ACCIDENT NO INJURY;1906 PONCE DE LEON BLVD;33133
794;23.08.2023;FRAUD OTHER JURISDICTION;357 ALMERIA AV;33133
795;23.08.2023;SIMPLE HARASSMENT;150 ALHAMBRA CIR;33134
796;22.08.2023;VEHICLE PARKING OFFENSE / SCOFF LAW;3600 PONCE DE LEON BLVD;33158
797;21.08.2023;DISTURBANCE OTHER;1536 ALEGRIANO AV;33134
798;21.08.2023;SUSPICIOUS INCIDENT;5100 SW 68TH ST;33206
799;20.08.2023;INCIDENT REPORT;5716 SAN VICENTE ST;33124
800;19.08.2023;THEFT OF AUTO PART / ACCESSORY;6915 CAMARIN ST;33156
801;19.08.2023;PROPERTY LOST;4310 PONCE DE LEON BLVD;33145
802;18.08.2023;TRESPASS WARNING;3443 SEGOVIA ST;33144
803;17.08.2023;WARRANT ARREST;2131 SALZEDO ST;33146
804;17.08.2023;VEHICLE TRAFFIC OFFENSE (NON-DUI);3300 RIVIERA DR;33144
805;16.08.2023;TRESPASS WARNING;358 SAN LORENZO AV;33156
806;15.08.2023;INCIDENT REPORT;1418 PONCE DE LEON BLVD;33156
807;15.08.2023;FD SICK/INJURED PERSON;1245 DAUER DR;33158
808;14.08.2023;HAZARDOUS SITUATION / CONTAINMENT;1330 STANMOR DR;33145
809;13.08.2023;SIMPLE ASSAULT / THREATS;1150 ANASTASIA AV;33144
810;13.08.2023;PROPERTY LOST;915 COUNTRY CLUB PRADO;33124
811;12.08.2023;VEHICLE TRAFFIC OFFENSE (NON-DUI);400 BILTMORE WAY;33146
812;11.08.2023;COURT VIOLATION;2100 ALHAMBRA CIR;33234
813;11.08.2023;THEFT FROM STRUCTURE WITH LEGAL ACCESS / PUBLIC BUILDING;4835 UNIVERSITY DR;33143
814;10.08.2023;SUSPICIOUS INCIDENT;613 TANGIER ST;33114
815;09.08.2023;DISTURBANCE OTHER;169 MIRACLE MILE;33206
816;09.08.2023;WARRANT ARREST;3115 PONCE DE LEON BLVD;33124
817;08.08.2023;SUSPICIOUS INCIDENT;50 MINORCA AV;33124
818;06.08.2023;THEFT BY SHOPLIFTING;1401 MONZA AV;33133
819;05.08.2023;FRAUD OTHER;1455 BIRD RD;33145
820;05.08.2023;BURGLARY NON-RESIDENTIAL;2601 SALZEDO ST;33134
821;04.08.2023;VEHICLE HIT & RUN;700 BENEVENTO AV;33146
822;03.08.2023;SUSPICIOUS INCIDENT;500 CADAGUA AV;33134
823;03.08.2023;PROPERTY FOUND / IMPOUNDED;1280 STANFORD DR;33146
824;02.08.2023;THEFT FROM MOTOR VEHICLE;440 BLUE RD;33158
825;01.08.2023;THEFT BY SHOPLIFTING;375 S DIXIE HWY;33158
826;01.08.2023;PROPERTY DAMAGED;1245 DAUER DR;33158
827;31.07.2023;TRESPASS WARNING;6611 YUMURI ST;33145
828;30.07.2023;ASSIST INJUNCTION / COURT SERVICE;800 CAPRI ST;33206
829;30.07.2023;THEFT BY SHOPLIFTING;1000 PONCE DE LEON BLVD;33124
830;29.07.2023;THEFT BY SHOPLIFTING;152 MIRACLE MILE;33234
831;28.07.2023;VEHICLE TRAFFIC OFFENSE (NON-DUI);2417 PONCE DE LEON BLVD;33143
832;28.07.2023;FD SICK/INJURED PERSON;1280 STANFORD DR;33134
833;27.07.2023;THEFT OF AUTO TAG / REGISTRATION DECAL;2551 LE JEUNE RD;33144
834;26.07.2023;THEFT FROM MOTOR VEHICLE;1300 GALIANO ST;33143
835;26.07.2023;OBSTRUCTION OF JUSTICE / RESIST ARREST / ESCAPE;4601 ALHAMBRA CIR;33146
836;25.07.2023;ASSIST OTHER AGENCY;90 EDGEWATER DR;33156
837;24.07.2023;VEHICLE TRAFFIC OFFENSE (NON-DUI);300 S DIXIE HWY;33133
838;24.07.2023;INCIDENT REPORT;155 SOLANO PRADO;33133
839;23.07.2023;PROPERTY LOST;812 CATALONIA PL;33124
840;22.07.2023;VEHICLE TRAFFIC OFFENSE (NON-DUI);1200 BIRD RD;33145
841;22.07.2023;VEHICLE TRAFFIC OFFENSE (NON-DUI);400 S DIXIE HWY;33114
842;21.07.2023;INCIDENT REPORT;804 DOUGLAS RD;33206
843;20.07.2023;VEHICLE TRAFFIC OFFENSE (NON-DUI);1200 S DIXIE HWY;33156
844;20.07.2023;PROPERTY LOST;301 GIRALDA AV;33134
845;19.07.2023;VEHICLE DRIVING / BOATING UNDER THE INFLUENCE;3475 S LEJEUNE RD;33124
846;18.07.2023;DISTURBANCE OTHER;909 S DIXIE HWY;33114
847;18.07.2023;PROPERTY FOUND / IMPOUNDED;2131 SALZEDO ST;33143
848;17.07.2023;FRAUD OTHER JURISDICTION;6845 VERONESE ST;33234
849;16.07.2023;SUSPICIOUS INCIDENT;111 ROMANO AV;33124
850;16.07.2023;DISORDERLY CONDUCT;5885 PONCE DE LEON BLVD;33133
851;15.07.2023;PROPERTY LOST;1 MARIOLA CT;33144
852;14.07.2023;ACCIDENT NO INJURY;1906 PONCE DE LEON BLVD;33124
853;14.07.2023;FRAUD OTHER JURISDICTION;357 ALMERIA AV;33143
854;13.07.2023;SIMPLE HARASSMENT;150 ALHAMBRA CIR;33124
855;12.07.2023;VEHICLE PARKING OFFENSE / SCOFF LAW;3600 PONCE DE LEON BLVD;33206
856;12.07.2023;DISTURBANCE OTHER;1536 ALEGRIANO AV;33143
857;11.07.2023;SUSPICIOUS INCIDENT;5100 SW 68TH ST;33158
858;10.07.2023;INCIDENT REPORT;5716 SAN VICENTE ST;33234
859;10.07.2023;THEFT OF AUTO PART / ACCESSORY;6915 CAMARIN ST;33145
860;09.07.2023;PROPERTY LOST;4310 PONCE DE LEON BLVD;33133
861;08.07.2023;TRESPASS WARNING;3443 SEGOVIA ST;33156
862;08.07.2023;WARRANT ARREST;2131 SALZEDO ST;33158
863;07.07.2023;VEHICLE TRAFFIC OFFENSE (NON-DUI);3300 RIVIERA DR;33145
864;06.07.2023;TRESPASS WARNING;358 SAN LORENZO AV;33124
865;06.07.2023;INCIDENT REPORT;1418 PONCE DE LEON BLVD;33146
866;05.07.2023;FD SICK/INJURED PERSON;1245 DAUER DR;33133
867;04.07.2023;HAZARDOUS SITUATION / CONTAINMENT;1330 STANMOR DR;33124
868;04.07.2023;SIMPLE ASSAULT / THREATS;1150 ANASTASIA AV;33143
869;03.07.2023;PROPERTY LOST;915 COUNTRY CLUB PRADO;33124
870;02.07.2023;VEHICLE TRAFFIC OFFENSE (NON-DUI);400 BILTMORE WAY;33134
871;02.07.2023;COURT VIOLATION;2100 ALHAMBRA CIR;33234
872;01.07.2023;THEFT FROM STRUCTURE WITH LEGAL ACCESS / PUBLIC BUILDING;4835 UNIVERSITY DR;33234
873;30.06.2023;SUSPICIOUS INCIDENT;613 TANGIER ST;33124
874;30.06.2023;DISTURBANCE OTHER;169 MIRACLE MILE;33158
875;29.06.2023;WARRANT ARREST;3115 PONCE DE LEON BLVD;33234
876;28.06.2023;SUSPICIOUS INCIDENT;50 MINORCA AV;33145
877;28.06.2023;THEFT OTHER;5821 SAN AMARO DR;33234
878;27.06.2023;THEFT FROM MOTOR VEHICLE;5015 ORDUNA DR;33156
879;26.06.2023;THEFT BY SHOPLIFTING;1401 MONZA AV;33124
880;26.06.2023;FRAUD OTHER;1455 BIRD RD;33158
881;25.06.2023;BURGLARY NON-RESIDENTIAL;2601 SALZEDO ST;33156